<?xml version="1.0" encoding="UTF-8"?>
<!DOCTYPE configuration PUBLIC "-//mybatis.org//DTD Config 3.0//EN" "http://mybatis.org/dtd/mybatis-3-config.dtd">
<configuration>
	
	<settings>
	
			<!-- 나은 --> 
		
			<!-- 지예 -->
		
			<!-- 태빈 -->
		<setting name="cacheEnabled" value="false"/>
		<setting name="jdbcTypeForNull" value="NULL"/>	
			<!-- 종환 -->
		
			<!-- 진영 -->
		
			<!-- 석준 -->
			
			<!-- 현배 -->	
	</settings>

	<typeAliases>
		<!-- 나은 --> 
	
		<!-- 지예 -->
	
		<!-- 태빈 -->
		<typeAlias alias="TBMember"  type="oracle.java.s20200903.model.TBMember" />
		<!-- 종환 -->
	
		<!-- 진영 -->
	 
		<!-- 석준 -->
		
		<!-- 현배 -->
	</typeAliases>
	
	<mappers>
		<!-- 나은 --> 
	
		<!-- 지예 -->
	
		<!-- 태빈 -->
		<mapper resource="mybatis/TBMember.xml" />
		<!-- 종환 -->
	
		<!-- 진영 -->
	
		<!-- 석준 -->
		
		<!-- 현배 -->
	</mappers>

</configuration>