<?xml version="1.0" encoding="UTF-8"?>
<!DOCTYPE mapper PUBLIC "-//mybatis.org//DTD Mapper 3.0//EN" "http://mybatis.org/dtd/mybatis-3-mapper.dtd">
<mapper namespace="TBMember">
	<select id="MemberAll" parameterType="TBMember" resultType="TBMember">
      select * from (select rownum rn, a.* from (select * from Member
    	 order by mId) a) where rn between #{start} and	 #{end}   
    </select>
    <select id="total" resultType="int">
     	select count(*) from Member
    </select> 
    <insert id="joinMember" parameterType="TBMember">
    	insert into member values(#{mId}, #{mNick}, #{mName}, #{mPw}, #{mAddr}, #{mAddr2}, #{mTel}, 1, #{mSweet}, sysdate, #{mMail}, #{mSms}, 1)
    </insert> 
    <select id="jList">
    	select *
    	from member
    </select>
    <select id="idCheck" parameterType="java.lang.String" resultType="java.lang.String">
    	select mId from member where mId=#{mId}
    </select>
    <select id="checkNick" parameterType="java.lang.String" resultType="java.lang.String">
    	select mNick from member where mNick=#{mNick}
    </select>
    <select id="loginMember" parameterType="TBMember" resultType="int">
    	select count(*) from member where mId=#{mId} and mPw=#{mPw}
    </select>
	<select id="TBfindPwgo" parameterType="java.lang.String" resultType="int">
		select count(*) from member where mId=#{mId} and mName=#{mName}
	</select>
	<update id="passwdUpdate" parameterType="TBMember">
		update member set mPw=#{mPw} where mId=#{mId}
	</update>
</mapper>